Open,High,Low,Close,Volume,OpenInt
29.634952283489504,29.387303125109224,29.766858461926276,29.320132547396426,289064.14184168447,0
29.114063079449416,29.202394075047497,30.15459762624709,29.31298210099127,264258.191731126,0
