Open,High,Low,Close,Volume,OpenInt
14.820409267217597,10.858624982554414,11.559082633684776,12.112862310334137,120767.7985264961,0
14.834839213707214,13.65177927208726,13.79443535072169,13.84696024996341,93228.53236073063,0
14.219289672499563,12.948414410669583,12.733620033867483,13.061960508511293,116838.23062776926,0
13.892582235510437,12.966464958770414,12.68806663516865,12.334670155094946,81559.72354770123,0
