Open,High,Low,Close,Volume,OpenInt
27.075847312983097,23.767665506924455,25.255754453712655,23.931631745709833,275468.82773173705,0
27.860135388845045,21.54328354533751,25.72291835663399,24.0623342110387,255767.8247331119,0
27.459611296650184,25.024739564205994,24.717328069410065,24.35317248135125,136082.63654496762,0
27.203709144994466,25.201022263367307,24.092758389893294,23.910918551963405,143676.58510986352,0
27.431396075446017,25.4212272384706,24.20223961258336,24.723796318230832,266836.17056652124,0
26.725822283564735,24.516658572003955,23.964022271274583,23.960834456043074,303217.4438583764,0
27.429161386322956,25.34954877356434,24.222115894786587,25.023957498135537,267451.34258028143,0
26.781645788160677,25.30075200445897,23.90732681287556,24.536874713635225,295778.75289741065,0
