Open,High,Low,Close,Volume,OpenInt
27.978465262512795,24.032804997290317,22.445619076629672,23.98173310663961,41735.92587863124,0
28.251658353701416,24.3619153854269,24.273630631267793,23.527341102005348,35147.85763217643,0
