Open,High,Low,Close,Volume,OpenInt
12.273218645688923,10.562273619363443,10.610971467007085,11.482092811204229,807468.4387628261,0
12.550423116656024,12.496884276424298,12.001170249911485,11.435023925673965,427722.4514648641,0
12.036242172647638,10.757013476854047,11.352930004677795,11.59554576301442,172432.9857014475,0
12.529304076591938,12.0630086648767,11.65093082506877,11.47895977878771,135495.38316704944,0
