Open,High,Low,Close,Volume,OpenInt
13.433015712087517,14.079663389552872,12.446363887582512,12.071070194959937,26880.13312994811,0
