Open,High,Low,Close,Volume,OpenInt
13.155680270329322,14.467007223625023,13.52790460825833,12.944521656534835,81879.8059306764,0
21.006852917509406,21.53496556299796,19.961219024526383,19.4197533024706,145062.58482072232,0
