Open,High,Low,Close,Volume,OpenInt
27.54433997498058,27.653974995220157,27.12191286530136,26.67140016508085,279680.43489131035,0
28.05961923684868,25.063106014255933,25.864837425645135,24.868070586138543,242612.72673693585,0
