Open,High,Low,Close,Volume,OpenInt
13.148100335794693,12.172861845582837,12.272318286512743,12.032131476692348,50375.2243353104,0
7.568284240868376,9.913291014601926,8.31938872399866,8.473847950911718,41504.74126220698,0
12.949244348985932,12.209318720703589,12.133192183950516,12.062582605104286,67766.28531619656,0
12.970640504077519,12.245648416934715,12.140333145238241,12.006394257634367,121823.75059985623,0
13.002902443215689,10.981538549802805,12.078968352698674,12.104012112066647,120430.78449935059,0
9.402011477906457,8.642728026215863,8.230004065353652,8.881496396378965,259379.4466083552,0
9.416786420626279,8.839772799848573,8.400975690290144,8.172748935609606,26698.695170259394,0
9.034027078759177,8.526727597534428,8.485648501348626,8.684215879242563,29603.878692711645,0
8.92443607140677,8.424040303315143,9.007922189466829,8.61037779669894,70089.35731975571,0
