Open,High,Low,Close,Volume,OpenInt
14.065430937058204,14.14147796442036,10.781884144396107,11.597236339966445,429456.13373101334,0
13.362851305167855,13.993461055204492,10.68645241687116,11.465139172586705,416679.7286760416,0
