Open,High,Low,Close,Volume,OpenInt
20.771947380172193,21.1837111536471,20.462282831194553,20.02905510711014,84496.85957733385,0
20.690643508168698,21.477235201332864,20.354417918606487,20.075405557272163,70727.3857262145,0
19.4036450539309,19.840861455241182,19.78545203638409,19.744712669308445,114276.06549687244,0
19.755497684906715,20.322401380325672,20.29045389528241,19.822639969486612,87708.75664929612,0
20.065666865110543,20.511737342401563,20.41534159359282,19.939003761320144,96588.72728163292,0
19.979605079819326,19.595952745510644,19.810216534070914,19.870494466684956,109487.64790919443,0
20.004045666921968,20.23169626934068,20.107052448062348,19.944640187960385,105875.62795454267,0
