Open,High,Low,Close,Volume,OpenInt
6.648871683187885,8.943698075917538,7.115973751113735,7.5801670088292425,3469.8129346031346,0
6.592797417443137,9.539637022082726,8.862018701429808,7.8537576484742715,-3029.563219661708,0
7.448603690987337,8.976549268531372,10.099409616441594,9.694640773572747,19373.73549627146,0
8.457969224078624,8.97296209940712,8.58818677112351,8.987764196688476,775.7441917352844,0
6.358100954210247,8.785162345627795,6.785657806074337,7.4361021682221065,-9822.56938021403,0
7.905621474899402,8.632239792469873,8.136668734164642,8.582823147581163,10714.035469912167,0
7.023921317632837,7.997407046574111,7.364224819543889,8.064741891432508,3677.6103857842973,0
